<edmx:Edmx xmlns:edmx="http://docs.oasis-open.org/odata/ns/edmx" Version="4.0">
    <edmx:Reference Uri="https://sap.github.io/odata-vocabularies/vocabularies/HTML5.xml">
        <edmx:Include Namespace="com.sap.vocabularies.HTML5.v1" Alias="HTML5"/>
    </edmx:Reference>
    
    <edmx:Reference Uri="https://sap.github.io/odata-vocabularies/vocabularies/UI.xml">
        <edmx:Include Namespace="com.sap.vocabularies.UI.v1" Alias="UI"/>
    </edmx:Reference>
    
    <edmx:Reference Uri="/v2/catalog/$metadata">
        <edmx:Include Namespace="CatalogService"/>
    </edmx:Reference>
    <edmx:DataServices>
        <Schema xmlns="http://docs.oasis-open.org/odata/ns/edm" Namespace="local">
         <Annotations Target="CatalogService.LOCATION_STB">
                <Annotation Term="UI.SelectionFields">
                    <Collection>
                        <PropertyPath>LOCATION_ID</PropertyPath>
                        <PropertyPath>LOCATION_DESC</PropertyPath>
                    </Collection>
                </Annotation>
            </Annotations>
             <Annotations Target="CatalogService.LOCATION_STB" xmlns="http://docs.oasis-open.org/odata/ns/edm">
                <Annotation Term="UI.LineItem">
                    <Collection>
                        <Record Type="UI.DataField">
                            <PropertyValue Property="Value" Path="LOCATION_ID"/>
                            <Annotation Term="UI.Importance" EnumMember="UI.ImportanceType/High"/>
                            <Annotation Term="HTML5.CssDefaults">
                                <Record Type="HTML5.CssDefaultsType">
                                    <PropertyValue Property="width" String="8rem"/>
                                </Record>
                            </Annotation>
                        </Record>
                          <Record Type="UI.DataField">
                            <PropertyValue Property="Value" Path="LOCATION_DESC"/>
                            <Annotation Term="UI.Importance" EnumMember="UI.ImportanceType/High"/>
                            <Annotation Term="HTML5.CssDefaults">
                                <Record Type="HTML5.CssDefaultsType">
                                    <PropertyValue Property="width" String="8rem"/>
                                </Record>
                            </Annotation>
                        </Record>
                    </Collection>
                </Annotation>
            </Annotations>
        </Schema>
    </edmx:DataServices>
</edmx:Edmx>